Query,Expected,Response,Pages,Exact Match,Token F1,Token P,Token R,BLEU-1,BLEU-2,BLEU-4,ROUGE-1,ROUGE-2,ROUGE-L,BERTScore F1,BERTScore P,BERTScore R,Semantic Similarity,Faithfulness,Answer Relevancy,Context Recall,Latency (s),Tokens/sec
What are the four essential treatment pillars of the AF-CARE framework?,"[C] Comorbidity and risk factor management, [A] Avoid stroke and thromboembolism, [R] Reduce symptoms by rate and rhythm control, and [E] Evaluation and dynamic reassessment.+3","According to the text, the four essential treatment pillars of the AF-CARE framework are:

[A] Avoidance of stroke and thromboembolism
[R] Reduce symptoms by rate and rhythm control
[E] Evaluation and dynamic reassessment
[C] Comorbidity and risk factor management","11, 19, 3",0,0.6875,0.5641,0.88,0.5641,0.5169,0.4359,0.7273,0.625,0.5455,0.9089,0.8875,0.9313,0.6828,9,10,10,10.7,5.61
What is the minimum ECG duration required to establish a diagnosis of clinical AF?,A standard 12-lead ECG recording or a single-lead ECG tracing of ≥30 seconds.+1,"According to the text, the minimum duration to establish the diagnosis of clinical AF for ambulatory ECG is not clear and depends on the clinical context. However, periods of 30 s or more may indicate clinical concern, and trigger further monitoring or risk stratification for thromboembolism.","14, 15, 12",0,0.1017,0.0652,0.2308,0.0652,0.0236,0.0086,0.129,0.0333,0.0968,0.724,0.7056,0.7435,0.4147,9,10,10,11.56,5.28
When is oral anticoagulation (OAC) recommended based on the CHA2​DS2​-VA score?,OAC is recommended for a score of 2 or more (Class I) and should be considered for a score of 1 (Class IIa).+2,"According to the text, oral anticoagulation (OAC) is recommended in all patients with atrial fibrillation (AF) at elevated thromboembolic risk, as indicated by a CHA2DS2-VA score of 2 or more (Page 47).","47, 29, 9",0,0.3273,0.2812,0.3913,0.2812,0.2333,0.1496,0.3158,0.2182,0.3158,0.7722,0.7333,0.8155,0.4843,9,10,10,12.47,4.73
Which drugs are recommended as first-choice for rate control in patients with LVEF>40%?,"Beta-blockers, diltiazem, verapamil, or digoxin.+3","According to the provided context, beta-blockers, diltiazem, verapamil, or digoxin are recommended as first-choice drugs for rate control in patients with atrial fibrillation (AF) and LVEF >40% to control heart rate and reduce symptoms.","67, 10, 38, 21, 23",0,0.2051,0.1176,0.8,0.1176,0.1034,0.0681,0.2791,0.2439,0.2791,0.8332,0.7622,0.9187,0.714,9,10,10,13.08,4.51
Is antiplatelet therapy recommended as an alternative to OAC for stroke prevention in AF?,"No, antiplatelet drugs alone (aspirin or clopidogrel) are not recommended for stroke prevention in AF.+2","No, antiplatelet therapy is not recommended as an alternative to OAC for stroke prevention in AF. According to the text, ""Antiplatelet drugs, such as aspirin and clopidogrel, are not an alternative to OAC. They should not be used for stroke prevention, and can lead to potential harm (especially among elderly patients with AF)."" (Page 33)","33, 67, 29",0,0.3429,0.2182,0.8,0.2182,0.1798,0.077,0.3662,0.2609,0.3099,0.8665,0.8248,0.9127,0.8758,9,10,10,14.48,5.52
What is the recommended target for alcohol consumption to reduce AF recurrence?,Reducing consumption to ≤3 standard drinks (≤30 grams of alcohol) per week.+2,"According to the provided context, the recommended target for alcohol consumption to reduce AF recurrence is ≤3 standard drinks (≤30 grams of alcohol) per week. (Page 12, IIa B)","12, 66, 26, 11",0,0.4878,0.3448,0.8333,0.3448,0.3139,0.2547,0.5714,0.45,0.5238,0.8598,0.81,0.9162,0.719,9,10,10,10.93,3.84
"For patients on VKA, what is the recommended target INR range and TTR percentage?",A target INR of 2.0–3.0 and a Time in Therapeutic Range (TTR) above 70%.+2,"For patients on VKA, the recommended target INR range is 2.0-3.0, and the target time in therapeutic range (TTR) percentage is >70% (Page 67 and 52).","67, 31, 52, 53",0,0.4,0.3077,0.5714,0.3077,0.2481,0.1608,0.5532,0.4,0.5532,0.8816,0.8622,0.902,0.7642,9,10,10,12.84,3.74
"When should a ""wait-and-see"" approach be considered for cardioversion?",For symptomatic AF with an onset <48 hours in patients without hemodynamic compromise.+1,"According to the text, a ""wait-and-see"" approach should be considered for cardioversion in patients without haemodynamic compromise as an alternative to immediate cardioversion (Page 41). Additionally, in patients with recent-onset symptomatic AF without haemodynamic compromise, a wait-and-see approach for spontaneous conversion until 48 h after the onset of AF symptoms was non-inferior to immediate cardioversion (Page 40).","40, 41, 21, 10, 4",0,0.2857,0.1754,0.7692,0.1754,0.0969,0.0336,0.2857,0.08,0.1558,0.7884,0.737,0.8475,0.6554,9,10,10,14.83,6.07
List the three criteria used to decide on a dose reduction for Apixaban.,"(i) Age ≥80 years, (ii) body weight ≤60 kg, and (iii) serum creatinine ≥133 μmol/L (two out of three are needed).","According to Table 11 on page 32, the three criteria used to decide on a dose reduction for Apixaban are:

1. Age ≥80 years
2. Body weight ≤60 kg
3. Serum creatinine ≥133 mmol/L","32, 31, 64, 52",0,0.4364,0.3529,0.5714,0.3529,0.2736,0.1318,0.4561,0.2545,0.386,0.8202,0.8138,0.8266,0.5639,8,10,10,12.56,4.22
What is the primary indication for long-term rhythm control therapy in AF patients?,The reduction of AF-related symptoms and improvement in quality of life.+1,"According to the text, the primary indication for long-term rhythm control therapy in AF patients is the reduction in AF-related symptoms and improvement in quality of life. (Page 64)","64, 45, 3, 14",0,0.45,0.3103,0.8182,0.3103,0.2785,0.2168,0.5,0.4286,0.5,0.855,0.815,0.8992,0.6748,9,10,10,9.91,3.83
Is routine heart rhythm assessment recommended for individuals aged 65 and older?,"Yes, routine heart rhythm assessment during healthcare contact is recommended in all individuals aged ≥65 years.+1","Yes, routine heart rhythm assessment during healthcare contact is recommended in all individuals aged ≥65 years for earlier detection of AF. (Page 61, I C)","61, 69, 59",0,0.7317,0.6,0.9375,0.6,0.5916,0.5731,0.7619,0.75,0.7619,0.9226,0.8862,0.962,0.8093,9,10,10,10.42,3.26
Which heart failure medication is recommended for AF patients regardless of LVEF?,Sodium-glucose cotransporter-2 (SGLT2) inhibitors.+2,"According to the provided context, sodium-glucose cotransporter-2 inhibitors are recommended for patients with HF and AF regardless of left ventricular ejection fraction (LVEF) to reduce the risk of HF hospitalization and cardiovascular death.","26, 66, 43, 22, 21",0,0.1081,0.0606,0.5,0.0606,0.0435,0.0188,0.2381,0.15,0.2381,0.8029,0.7382,0.88,0.5611,9,10,10,11.9,4.2
What should be done if a left atrial thrombus is detected prior to a planned cardioversion?,"Therapeutic anticoagulation should be instituted for a minimum of 4 weeks, followed by a repeat TOE to ensure resolution.","According to the text, if a left atrial thrombus is detected prior to a planned cardioversion, therapeutic anticoagulation should be instituted for a minimum of 4 weeks followed by repeat TOE to ensure thrombus resolution.","50, 42, 46, 48",0,0.7037,0.5429,1.0,0.5429,0.4894,0.4244,0.7037,0.5769,0.6667,0.9026,0.8469,0.9663,0.7566,9,10,10,11.88,4.13
Name two non-cardiac conditions associated with trigger-induced AF according to Table 14.,"Note: Table 14 title is ""Non-cardiac conditions associated with trigger-induced AF"" . Specific examples include infections (sepsis) or potentially reversible factors.+2","According to Table 14, the two non-cardiac conditions associated with trigger-induced AF are:

1. Sleep apnea (54)
2. Chronic kidney disease (54)","4, 17, 19",0,0.381,0.3636,0.4,0.3636,0.3223,0.2393,0.4681,0.3556,0.4681,0.8219,0.818,0.826,0.8325,9,10,10,9.88,3.74
What is the recommended weight loss target for obese individuals with AF?,A target of 10% or more reduction in body weight.+2,"According to the provided text, the recommended weight loss target for obese individuals with AF is a reduction of 10% or more in body weight.","12, 26, 11",0,0.5143,0.36,0.9,0.36,0.2449,0.1241,0.5556,0.2941,0.4444,0.843,0.8137,0.8745,0.6355,9,10,10,9.95,3.12
Can a physician use a single-lead ECG to provide a definite diagnosis of AF?,"Yes, review of an ECG (12-lead, single, or multiple leads) by a physician is recommended for a definite diagnosis.+1","According to the provided context, a physician can use a single-lead ECG to provide a definite diagnosis of AF. This is recommended on page 69 and 12, and also mentioned in Recommendation Table 1 and Table 4. The level of evidence is I B, indicating that the recommendation is based on high-quality evidence.","69, 11, 61, 12, 15",0,0.2222,0.1509,0.4211,0.1509,0.0933,0.0228,0.3421,0.1081,0.1579,0.8125,0.7837,0.8435,0.7236,9,10,10,13.79,5.0
What are the symptoms of AF listed in Figure 1?,"Palpitations, shortness of breath, fainting (syncope), fatigue, chest pain, poor exercise capacity, anxiety, depressed mood, and dizziness.","According to Figure 1, the symptoms of AF are:

1. None (AF does not cause any symptoms)
2. Mild: Normal daily activity not affected by symptoms related to AF
3. Moderate: Normal daily activity not affected by symptoms related to AF, but patient troubled by symptoms
4. Severe: Normal daily activity affected by symptoms related to AF","16, 15, 20, 17, 50",0,0.027,0.0175,0.0588,0.0175,0.0113,0.0054,0.027,0.0,0.027,0.6923,0.6728,0.713,0.3059,9,8,10,15.21,4.93
Is it recommended to use a bleeding risk score to decide whether to withhold OAC?,"No, using bleeding risk scores to decide on starting or withdrawing OAC is not recommended.+2","No, it is not recommended to use a bleeding risk score to decide whether to withhold OAC in patients with atrial fibrillation (AF) to avoid under-use of anticoagulation.","35, 67, 12",0,0.3721,0.2857,0.5333,0.2857,0.1782,0.0406,0.4889,0.2791,0.3556,0.8455,0.8121,0.8818,0.7622,0,0,0,9.82,4.17
"What is the definition of ""Permanent AF"" according to the guidelines?","AF for which no further attempts at restoration of sinus rhythm are planned, after a shared decision between patient and physician.","According to the guidelines, Permanent AF is defined as ""AF for which no further attempts at restoration of sinus rhythm are planned, after a shared decision between the patient and physician.""","14, 13, 4",0,0.8077,0.6774,1.0,0.6774,0.655,0.6059,0.8077,0.76,0.8077,0.9085,0.8728,0.9471,0.794,0,0,0,9.62,3.85
"For patients undergoing cardiac surgery, when is surgical closure of the LAA recommended?",As an adjunct to oral anticoagulation in patients with AF undergoing cardiac surgery to prevent stroke.+1,"According to the provided context, surgical closure of the left atrial appendage (LAA) is recommended as an adjunct to oral anticoagulation in patients with atrial fibrillation (AF) undergoing cardiac surgery to prevent ischaemic stroke and thromboembolism (Recommendation Table 11, Page 35).","12, 35, 48, 34, 11",0,0.5263,0.3659,0.9375,0.3659,0.3448,0.2985,0.5517,0.4643,0.5517,0.8395,0.7756,0.9149,0.5635,9,10,10,14.1,4.82
